trapID	latitude_WGS84	longitude_WGS84	trap_habitat	NILS_mhabitat	NILS_square	NILS_plot	trap_type	trap_orientation_degrees_S	notes	siteID
TKSUA6	55.56843	13.22241	forest	forest	4	4	Multitrap	190	NA	1
TFFDRE	55.56674	13.2215	forest	forest	4	3	Multitrap	190	NA	1
TGCHAV	55.56194	13.23522	forest	forest	4	10	Multitrap	220	NA	1
TBPT1B	55.56882	13.23092	grassland	grasslands	4	6	Multitrap	170	NA	1
TZWKHK	55.5664	13.23512	grassland	grasslands	4	8	Multitrap	130	NA	1
TWJED2	55.5612	13.22333	grassland	grasslands	4	1	Multitrap	100	NA	1
TMXZCE	56.02517	13.60693	cropland	cropland	15	7	Single_trap	150	NA	2
TSEQHD	56.029582	14.3973802	cropland	cropland	17	1	Multitrap	180	NA	3
TAI56Z	56.036	14.3955	cropland	cropland	17	4	Multitrap	200	NA	3
TEVVLD	56.0311	14.3975	cropland	cropland	17	2	Multitrap	180	NA	3
THBEZ5	56.03619	14.40726	forest	forest	17	7	Multitrap	180	NA	3
TF3STP	56.02937	14.4034735	forest	forest	17	11	Multitrap	210	NA	3
TKCEJN	56.0369	14.4032	forest	forest	17	6	Multitrap	180	NA	3
T7RGYH	56.24763	13.98903	grassland	grasslands	24	12	Single_trap	200	NA	4
TM9NNJ	56.2639	15.6096	urban	urban	28	9	Single_trap	180	NA	5
T7ZDZJ	56.265	15.2065	forest	forest	27	8	Single_trap	180	NA	6
TTAPUR	56.4501257	12.7592847	cropland	cropland	33	1	Single_trap	150	NA	7
THFUHH	56.48712	14.78502	forest	forest	38	3	Single_trap	120	NA	8
TKGCFR	56.90452	12.73087	cropland	cropland	56	6	Multitrap	240	NA	9
TMSD51	56.90455	12.72594	cropland	cropland	56	5	Multitrap	170	NA	9
TSDGQK	56.8976	12.72062	cropland	cropland	56	1	Multitrap	190	NA	9
T1TL12	56.90482	12.73262	forest	forest	56	7	Multitrap	130	NA	9
TWFXXZ	56.90231	12.73335	forest	forest	56	8	Multitrap	200	NA	9
TMNPJH	56.89761	12.72546	forest	forest	56	12	Multitrap	180	NA	9
TXGZUY	56.91555	13.54871	forest	forest	58	11	Single_trap	190	NA	10
T8IKAG	56.92413	13.95213	wetland	wetlands	59	2	Single_trap	200	NA	11
TNGTPF	56.9317	16.825	forest	forest	66	1	Multitrap	180	NA	12
TIRXWF	56.93147	16.82971	forest	forest	66	12	Multitrap	140	NA	12
TYKZSN	56.9317	16.8334	forest	forest	66	11	Multitrap	180	NA	12
TIAIK1	56.9376	16.8242	grassland	grasslands	66	4	Multitrap	240	NA	12
TRXMCY	56.9359	16.8252	grassland	grasslands	66	3	Multitrap	180	NA	12
TV6Z5Y	56.9386	16.8404	grassland	grasslands	66	7	Multitrap	180	NA	12
TDGFXV	56.93642	15.19485	grassland	grasslands	62	9	Single_trap	180	NA	13
TMLQED	57.16676	16.01334	forest	forest	78	6	Multitrap	164	NA	14
TWF14R	57.16018	16.01809	forest	forest	78	10	Multitrap	253	NA	14
THGUAX	57.16754	16.0202	urban	urban	78	7	Multitrap	162	NA	14
T5KGVY	57.16538	16.01778	urban	urban	78	8	Multitrap	98	NA	14
T6LS76	57.16676	16.00436	urban	urban	78	4	Multitrap	192	NA	14
TM4GA9	57.1669	16.00917	urban	urban/cropland	78	5	Multitrap	169	NA	14
T7WIMF	57.3824	14.75969	wetland	wetlands	88	2	Single_trap	200	NA	15
TFGCME	57.58628	18.52564	cropland	cropland	108	6	Multitrap	189	NA	16
TGX4C7	57.5862	18.52715	cropland	cropland	108	7	Multitrap	175	NA	16
T2KQJZ	57.58081	18.51479	cropland	cropland	108	1	Multitrap	248	NA	16
TRH2QM	57.58653	18.52065	forest	forest	108	5	Multitrap	150	NA	16
TJZEUI	57.5851226	18.5166415	forest	forest/cropland	108	4	Multitrap	175	NA	16
TKLVMZ	57.58047	18.51858	forest	forest	108	12	Multitrap	182	NA	16
TEYZYN	57.588	13.5053	forest	forest	99	12	Single_trap	180	NA	17
T5ZUGG	57.60835	14.34689	grassland	grasslands	101	7	Single_trap	180	NA	18
T4EMTM	57.615999	15.59351	forest	forest	104	5	Single_trap	137	NA	19
TSKEKT	57.77818	11.81663	grassland	cropland	109	7	Single_trap	260	NA	20
T8EUCF	57.78329	12.23948	urban	urban	110	10	Single_trap	230	NA	21
TGTDBY	57.81112	13.06627	cropland	cropland	112	4	Multitrap	170	NA	22
TNLTYQ	57.8085	13.07667	cropland	cropland	112	8	Multitrap	200	NA	22
TKMZ5X	57.80638	13.07751	cropland	cropland	112	9	Multitrap	190	NA	22
TYDUPV	57.81287	13.07544	grassland	grasslands	112	7	Multitrap	NA	NA	22
TPXB6L	57.80493	13.06586	grassland	grasslands	112	2	Multitrap	140	NA	22
TUHLET	57.8086	13.06653	grassland	grasslands	112	3	Multitrap	190	NA	22
TIUVZ1	57.8164316	13.4871933	forest	forest	113	3	Single_trap	190	NA	23
TCD3P4	58.22129	11.756527	forest	forest	142	2	Single_trap	190	NA	24
TWVCXF	58.23883	12.18512	grassland	grasslands	143	5	Single_trap	200	NA	25
TD5LHA	58.264608	13.468323	cropland	cropland	146	9	Multitrap	180	NA	26
TJXPPV	58.261656	13.469475	cropland	cropland	146	10	Multitrap	130	NA	26
TJS8IY	58.260725	13.466986	cropland	cropland	146	10	Multitrap	160	NA	26
TWQDCF	58.26089	13.45687	cropland	cropland	146	1	Multitrap	160	NA	26
TKGRKA	58.26522	13.45625	forest	forest	146	3	Multitrap	190	NA	26
TDKAFR	58.26813	13.45915	forest	forest	146	5	Multitrap	170	NA	26
TGXFSR	58.28649	15.585445	forest	forest	151	3	Single_trap	190	NA	27
TDUYXP	58.4210723	15.338425	urban	urban	157	8	Single_trap	NA	NA	28
TZZ9UM	58.48814	13.44034	cropland	cropland	164	2	Multitrap	210	NA	29
TUPA8G	58.4851905	13.448159	cropland	cropland	164	11	Multitrap	190	NA	29
TTE4BQ	58.4867401	13.4468759	cropland	cropland	164	12	Multitrap	210	NA	29
TZDKD7	58.48989	13.45307	forest	forest	164	8	Multitrap	210	NA	29
TFLSK1	58.4921176	13.4503646	forest	forest	164	6	Multitrap	170	NA	29
T1N5UR	58.49212	13.44094	forest	forest	164	4	Multitrap	170	NA	29
TIJXRJ	58.50586	16.44447	cropland	cropland	171	12	Single_trap	180	NA	30
TFHNHU	58.716329	13.859163	urban	urban	180	1	Single_trap	170	NA	31
TLG2QC	58.960366	16.016513	forest	forest	196	3	Single_trap	140	NA	32
TWCPQR	59.1645991	17.7683969	cropland	cropland	213	12	Multitrap	240	NA	33
TWLJ2P	59.171847	17.778725	forest	forest	213	7	Multitrap	NA	NA	33
TPUCG4	59.165495	17.773788	forest	forest	213	11	Multitrap	190	NA	33
TPFJTD	59.165516	17.777799	forest	forest	213	10	Multitrap	180	NA	33
TYBVXB	59.169998	17.765352	cropland	cropland	213	3	Multitrap	NA	NA	33
TYUAHW	59.171468	17.763506	cropland	cropland	213	4	Multitrap	170	NA	33
TTWBA4	59.1758743	14.2687025	forest	forest	205	3	Single_trap	160	NA	34
TSFYKU	59.17894	16.463186	forest	forest	210	11	Single_trap	200	NA	35
T3NLMJ	59.187123	15.584128	cropland	cropland	208	5	Multitrap	150	NA	36
T9DY9N	59.187032	15.579159	cropland	cropland	208	4	Multitrap	189	NA	36
TV5KPB	59.179878	15.580246	forest	forest	208	1	Multitrap	180	NA	36
TL3KCT	59.184976	15.579924	forest	forest	208	3	Multitrap	175	NA	36
TUDGN3	59.187159	15.588217	forest	forest	208	6	Multitrap	190	NA	36
T2YFPK	59.18265	15.579651	forest	forest/grasslands	208	2	Multitrap	170	NA	36
TIS5BD	59.389	13.3787	forest	forest	219	4	Single_trap	170	NA	37
TLCIG9	59.60201	12.91714	cropland	cropland	235	3	Single_trap	260	NA	38
TQNH2B	59.6142728	17.8056615	urban	urban	246	10	Single_trap	120	NA	39
TZQFGP	59.626304	17.358107	forest	forest	245	6	Single_trap	150	NA	40
TUBWQK	59.627185	16.465411	cropland	cropland	243	12	Single_trap	106	NA	41
TFIA7R	59.821687	18.701429	cropland	cropland	264	12	Single_trap	180	NA	42
TTNYZZ	59.851575	16.481107	forest	forest	259	10	Single_trap	175	NA	43
TBGYQQ	60.0618401	13.7781315	forest	forest	269	1	Single_trap	NA	NA	44
T8B7KU	60.2342556	17.8855086	forest	NA	NA	NA	Single_trap	220	NA	45
TG6JK1	60.297384	16.927488	grassland	grasslands	283	1	Single_trap	160	NA	46
TZVTYZ	60.531453	15.120207	forest	forest	293	5	Single_trap	200	NA	47
TM5LBB	60.533163	15.571019	wetland	wetlands	294	4	Single_trap	200	NA	48
TUQQIV	60.97032	14.65823	forest	forest	309	10	Single_trap	178	NA	49
TSVHD1	61.201524	16.960304	forest	forest	315	4	Single_trap	210	NA	50
TR24WG	61.40417	13.22408	wetland	wetlands	317	3	Single_trap	182	NA	51
TZRRMG	61.41881	14.17379	forest	forest	319	8	Multitrap	184	NA	52
T5FPCF	61.41672	14.17256	forest	forest	319	9	Multitrap	181	NA	52
TU2YW9	61.41375	14.15902	forest	forest	319	1	Multitrap	174	NA	52
TDCIPI	61.41453	14.16377	forest	forest	319	12	Multitrap	180	NA	52
TC6XPC	61.42074	14.16817	forest	forest	319	6	Multitrap	184	NA	52
T1QLZR	61.4214	14.17319	forest	forest	319	7	Multitrap	178	NA	52
TBLZ38	61.6164	12.734833	alpine	alpine	326	2	Single_trap	178	NA	53
TZFRJA	61.636669	12.707244	forest	NA	NA	NA	Single_trap	NA	NA	54
TFECCG	61.78576	16.95073	wetland	NA	NA	NA	Single_trap	184	NA	55
TWSFGJ	61.86726	14.13552	forest	forest	333	3	Single_trap	182	NA	56
THKAWB	61.8752487	16.5252547	forest	forest	337	8	Multitrap	180	NA	57
TMMIG9	61.8778805	16.5244326	forest	forest	337	7	Multitrap	NA	NA	57
TBSQHF	61.8754244	16.5112811	forest	forest	337	3	Multitrap	170	NA	57
TFQDEE	61.8776868	16.5102618	forest	forest	337	4	Multitrap	150	NA	57
TS1LPT	61.8779395	16.5155495	forest	forest	337	5	Multitrap	180	NA	57
TSFXCZ	61.8733921	16.5105652	forest	forest	337	2	Multitrap	140	NA	57
THGYUE	62.5418796	17.4983836	forest	forest	355	4	Single_trap	150	NA	58
TT79BQ	62.6352101	12.3795741	alpine	NA	NA	NA	Single_trap	NA	NA	59
TLFBSS	62.64846	17.792735	wetland	NA	NA	NA	Single_trap	176	NA	60
TLY1VQ	62.8463032	12.7777511	wetland	NA	NA	NA	Single_trap	180	NA	61
TG4NHB	62.9768433	18.0306489	forest	forest	374	10	Multitrap	NA	NA	62
T6WPKD	62.9812956	18.0309905	forest	forest	374	8	Multitrap	200	NA	62
TVNBV7	62.9786799	18.0311984	forest	forest	374	9	Multitrap	210	NA	62
TVCC3Y	62.9767733	18.0167185	forest	forest	374	1	Multitrap	170	NA	62
TCSZX1	62.9766708	18.0211542	forest	forest	374	12	Multitrap	180	NA	62
T2T1DJ	62.9768783	18.026823	forest	forest	374	11	Multitrap	200	NA	62
TXLZ8M	63.192267	14.660965	urban	NA	NA	NA	Single_trap	180	NA	63
TE2T4A	63.2210968	13.1105481	wetland	NA	NA	NA	Single_trap	NA	NA	64
T5R3X9	63.22362	15.056643	forest	forest	381	5	Single_trap	180	NA	65
THGNFM	63.6136392	12.2281101	forest	NA	NA	NA	Single_trap	NA	NA	66
T6YFBI	63.6147513	12.2334286	wetland	NA	NA	NA	Single_trap	190	NA	67
TCIHNW	63.65601	14.03068	forest	forest	399	1	Multitrap	178	NA	68
TSSMCA	63.65651	14.03552	wetland	wetlands	399	12	Multitrap	172	NA	68
TKMUNP	63.66093	14.02957	wetland	wetlands	399	3	Multitrap	173	NA	68
TEPZPF	63.66284	14.04025	wetland	wetlands	399	6	Multitrap	178	NA	68
TZXF7I	63.66276	14.03527	wetland	wetlands	399	5	Multitrap	175	NA	68
TMYD2K	63.66303	14.02971	wetland	wetlands	399	4	Multitrap	182	NA	68
TZ6Q7T	63.6676405	16.5696868	forest	forest	404	9	Single_trap	NA	NA	69
TXHDAT	63.8709868	18.5950507	forest	forest	413	3	Single_trap	180	NA	70
T9UPWP	64.0503453	20.1621544	cropland	cropland	430	11	Multitrap	220	NA	71
TJXUUR	64.0547145	20.1671356	forest	forest	430	8	Multitrap	170	NA	71
TJW6L7	64.0574146	20.1667289	forest	forest	430	7	Multitrap	190	NA	71
T1KSIA	64.0571488	20.1564413	forest	forest	430	5	Multitrap	190	NA	71
TRB71K	64.0571661	20.1628092	forest	forest	430	6	Multitrap	170	NA	71
TS2P4Q	64.0528579	20.1659856	forest	forest	430	9	Multitrap	180	NA	71
TTA2EM	64.0714295	19.6456404	wetland	wetlands	429	5	Single_trap	180	NA	72
TI93DT	64.122415	15.55678	forest	forest	421	7	Multitrap	195	NA	73
TTXHGW	64.115009	15.540245	forest	forest	421	1	Multitrap	176	NA	73
T7VH4H	64.117719	15.541552	forest	forest	421	2	Multitrap	176	NA	73
TAKAXU	64.115229	15.545738	forest	forest	421	12	Multitrap	181	NA	73
TKBVDW	64.122079	15.551254	wetland	wetlands	421	6	Multitrap	180	NA	73
TS6VW9	64.120008	15.555356	wetland	wetlands	421	8	Multitrap	182	NA	73
TND7ZQ	64.70675	20.7983	cropland	cropland	454	9	Single_trap	188	NA	74
T6K6TA	64.93472	20.8395	forest	forest	468	7	Single_trap	184	NA	75
TWRXFI	65.4183638	21.5139878	cropland	NA	NA	NA	Single_trap	225	NA	76
TYAASL	65.55576	22.03955	forest	urban	496	11	Single_trap	186	NA	77
TLFEGH	65.80904	21.54216	forest	forest	510	4	Multitrap	176	NA	78
TK5FQJ	65.80833	21.54613	forest	forest	510	5	Multitrap	180	NA	78
T5XNHX	65.80426	21.53992	forest	forest	510	2	Multitrap	184	NA	78
TYKB9L	65.80148	21.55559	forest	forest	510	10	Multitrap	184	NA	78
TK3EAJ	65.80139	21.55104	forest	forest	510	11	Multitrap	181	NA	78
TKIAHP	65.80341	21.55788	forest	forest	510	9	Multitrap	186	NA	78
T83QWB	65.9142669	14.9909339	forest	forest	498	7	Single_trap	190	NA	79
T2YSPU	66.39066	23.66219	urban	NA	NA	NA	Single_trap	175	NA	80
TDGVY8	66.4757956	20.2960094	wetland	NA	NA	NA	Single_trap	180	NA	81
TC8QBB	66.5973446	19.8426095	wetland	NA	NA	NA	Single_trap	180	NA	82
TG8NKF	66.6413026	18.6238284	wetland	NA	NA	NA	Single_trap	180	NA	83
TBGIW1	66.7941498	21.0427458	wetland	NA	NA	NA	Single_trap	180	NA	84
T5CELX	67.0675	21.29273	forest	NA	NA	NA	Single_trap	178	NA	85
T1YMRX	67.138019	18.301238	alpine	NA	NA	NA	Single_trap	172	NA	86
TJZHPY	67.1469025	18.3022567	grassland	NA	NA	NA	Single_trap	180	NA	87
TAPGMG	67.18333	20.72606	urban	urban	574	8	Single_trap	186	NA	88
TFUBVV	67.459982	18.42654	alpine	alpine	584	2	Single_trap	NA	NA	89
TUQ4KK	67.58907	20.18851	wetland	NA	NA	NA	Single_trap	NA	NA	90
T2NGGK	67.86626	20.26306	forest	forest	607	12	Multitrap	180	NA	91
TARUGI	67.86906	20.25816	forest	forest	607	2	Multitrap	174	NA	91
THG7AZ	67.8735	20.26367	forest	forest	607	5	Multitrap	179	NA	91
TNPKST	67.87283	20.2705	forest	forest	607	6	Multitrap	176	NA	91
TRICKN	67.87046	20.27589	wetland	wetlands	607	8	Multitrap	182	NA	91
TJNMNV	67.86682	20.25614	wetland	wetlands	607	1	Multitrap	184	NA	91
T4TJQT	68.016891	18.393688	alpine	NA	NA	NA	Single_trap	NA	NA	92
TYRKAV	68.27946	18.53027	alpine	NA	NA	NA	Single_trap	179	NA	93
TR9HSR	68.34207	19.1331	forest	forest	618	1	Single_trap	179	NA	94
T9MYFJ	68.35297	18.52717	alpine	alpine	617	1	Multitrap	183	NA	95
TGATIM	68.35346	18.53316	alpine	alpine	617	12	Multitrap	181	NA	95
TRNGSD	68.35452	18.54391	alpine	alpine	617	10	Multitrap	186	NA	95
TE8FGF	68.35659	18.54587	alpine	alpine	617	9	Multitrap	184	NA	95
TSJUPI	68.35896	18.54703	alpine	alpine	617	NA	Multitrap	182	NA	95
T2LIWT	68.35868	18.53085	alpine	alpine	617	3	Multitrap	186	NA	95
TSTZUY	68.35471	18.80928	wetland	NA	NA	NA	Single_trap	180	NA	96
TPEZUL	68.35964	18.4937	alpine	NA	NA	NA	Single_trap	184	NA	97
TUQ4KK_1	67.62057	20.15471	alpine	NA	NA	NA	Single_trap	NA	this_trap has moved location from wind farm to a wetland. The trap_code has been changed to reflect this	98
TCMKFJ	65.8724048	19.3600827	forest	forest	506	3	Multitrap	190	CANCELLED	99
TDPRNI	65.8689655	19.3638546	forest	forest	506	12	Multitrap	180	CANCELLED	99
TEHHBJ	65.8683791	19.3689196	forest	forest	506	11	Multitrap	170	CANCELLED	99
TV2QKF	65.870273	19.3600663	forest	forest	506	2	Multitrap	180	CANCELLED	99
TJBXIG	65.962231	16.049839	wetland	NA	NA	NA	Single_trap	180	CANCELLED	100